{"note": "Single(64) variable gravity.", "results": [{"episode": 0, "average_return": -238.8861429995316, "episode_scores": [-11.303212026555144, -100.0, 42.91370020550957, -353.2670257760582, -284.5812248638009, -455.526583187809, -187.07659301888975, -268.1541448144472, -237.87244905245552, -183.3277403292792, -223.62193287998858, -252.47814812819752, -154.39366686426865, -312.1470512635656, -202.5287240140483, -187.78488583152352, -256.01685514658016, -195.10448303119244, -239.3754430040197, -203.39362927542038, -220.08719238423976, -243.62070728883876, -197.69986405911675, -268.8015795851115, -298.2898118486826, -285.75479836058423, -227.5617858660163, -328.58965219981417, -312.57250365398625, -343.5970385705984, -315.5074541435224, -336.8206209693128, -239.2996177521278], "uncertainty": {"gravity": {"enabled": false, "default": -10, "range": [-15, -5], "value": -10}, "random_start_position": {"enabled": true, "default": [300, 400], "x_range": [0, 550], "y_range": [400, 401], "value": [